{
  "none_seed42": {
    "exp_key": "none",
    "seed": 42,
    "status": "ok",
    "elapsed_sec": 182.85633039474487,
    "cd_eval": {
      "cd_list": [
        0.23990365862846375,
        0.46404433250427246,
        0.48638638854026794,
        0.372620552778244,
        0.6180728077888489,
        0.23018276691436768,
        0.3546646237373352,
        0.2945747375488281,
        0.17135053873062134,
        0.4448713958263397
      ],
      "mean_cd": 0.3676671802997589,
      "std_cd": 0.13089999532456623,
      "n_eval": 10
    }
  },
  "zero_seed42": {
    "exp_key": "zero",
    "seed": 42,
    "status": "ok",
    "elapsed_sec": 165.49779796600342,
    "cd_eval": {
      "cd_list": [
        0.3791409730911255,
        0.21517527103424072,
        0.38629549741744995,
        0.3550945520401001,
        0.3397740125656128,
        0.14904844760894775,
        0.36294522881507874,
        0.36864763498306274,
        0.21782971918582916,
        0.3512648642063141
      ],
      "mean_cd": 0.31252162009477613,
      "std_cd": 0.08049591624568928,
      "n_eval": 10
    }
  },
  "random_seed42": {
    "exp_key": "random",
    "seed": 42,
    "status": "ok",
    "elapsed_sec": 178.4699559211731,
    "cd_eval": {
      "cd_list": [
        0.3808196187019348,
        0.3075336813926697,
        0.22992143034934998,
        0.39891690015792847,
        0.35264337062835693,
        0.7031742334365845,
        0.7053927779197693,
        0.2759689688682556,
        0.24227669835090637,
        0.6057356595993042
      ],
      "mean_cd": 0.42023833394050597,
      "std_cd": 0.1742869506373466,
      "n_eval": 10
    }
  },
  "optimized_seed42": {
    "exp_key": "optimized",
    "seed": 42,
    "status": "ok",
    "elapsed_sec": 225.8519093990326,
    "cd_eval": {
      "cd_list": [
        0.23790311813354492,
        0.3752647042274475,
        0.15484774112701416,
        0.25385963916778564,
        0.28206387162208557,
        0.6940860748291016,
        0.12771949172019958,
        0.3384387195110321,
        0.3437316119670868,
        0.16572213172912598
      ],
      "mean_cd": 0.2973637104034424,
      "std_cd": 0.15471782603309522,
      "n_eval": 10
    }
  }
}